{
  "priority_model": {
    "target": "Priority (High=1 / Low=0)",
    "accuracy": 0.7587,
    "f1_weighted": 0.7618,
    "confusion_matrix": [
      [
        397,
        236
      ],
      [
        0,
        345
      ]
    ],
    "classification_report": {
      "0": {
        "precision": 1.0,
        "recall": 0.627172195892575,
        "f1-score": 0.7708737864077669,
        "support": 633.0
      },
      "1": {
        "precision": 0.5938037865748709,
        "recall": 1.0,
        "f1-score": 0.7451403887688985,
        "support": 345.0
      },
      "accuracy": 0.7586912065439673,
      "macro avg": {
        "precision": 0.7969018932874354,
        "recall": 0.8135860979462874,
        "f1-score": 0.7580070875883327,
        "support": 978.0
      },
      "weighted avg": {
        "precision": 0.8567099247119944,
        "recall": 0.7586912065439673,
        "f1-score": 0.761796054111847,
        "support": 978.0
      }
    }
  },
  "closure_model": {
    "target": "Road Closure",
    "accuracy": 0.8947,
    "f1_weighted": 0.8979,
    "f1_macro": 0.4996,
    "optimal_threshold": 0.35,
    "smote_used": true,
    "confusion_matrix": [
      [
        872,
        55
      ],
      [
        48,
        3
      ]
    ]
  },
  "shap_top_features": []
}