{
  "bucket_classifier": {
    "target": "Duration Bucket",
    "accuracy": 0.8403,
    "f1_weighted": 0.7674,
    "bucket_distribution_train": {
      "0": 1199,
      "1": 228
    },
    "classification_report": {
      "Fast": {
        "precision": 0.8403361344537815,
        "recall": 1.0,
        "f1-score": 0.91324200913242,
        "support": 300.0
      },
      "Medium": {
        "precision": 0.0,
        "recall": 0.0,
        "f1-score": 0.0,
        "support": 57.0
      },
      "accuracy": 0.8403361344537815,
      "macro avg": {
        "precision": 0.42016806722689076,
        "recall": 0.5,
        "f1-score": 0.45662100456621,
        "support": 357.0
      },
      "weighted avg": {
        "precision": 0.706164818868724,
        "recall": 0.8403361344537815,
        "f1-score": 0.7674302597751429,
        "support": 357.0
      }
    }
  },
  "regression_model": {
    "target": "Duration Minutes",
    "mae_minutes": 29.2,
    "r2_log_scale": 0.0164,
    "training_rows": 1783,
    "note": "Trained on log1p(duration_minutes), apply np.expm1() to predictions"
  }
}